title,link,date
Is Your Tupperware Hiding a Health Threat?,https://blogs.mercola.com/sites/vitalvotes/archive/2025/05/01/is-your-tupperware-hiding-a-health-threat.aspx,"May 1, 2025"
Is This Spice the Key to Weight Management?,https://blogs.mercola.com/sites/vitalvotes/archive/2025/04/30/is-this-spice-the-key-to-weight-management.aspx,"April 30, 2025"
Normal Vitamin B12 Levels May Still Be Too Low for Brain Health,https://articles.mercola.com/sites/articles/archive/2025/05/01/normal-vitamin-b12-levels-brain-health.aspx,"May 1, 2025"
How Beet Juice and Bugs Could Color Your Meals,https://blogs.mercola.com/sites/vitalvotes/archive/2025/04/29/how-beet-juice-and-bugs-could-color-your-meals.aspx,"April 29, 2025"
How to Decide Between Brown and White Rice,https://blogs.mercola.com/sites/vitalvotes/archive/2025/04/28/how-to-decide-between-brown-and-white-rice.aspx,"April 28, 2025"
The Spring Flower That May Help Ease Stress,https://blogs.mercola.com/sites/vitalvotes/archive/2025/04/26/the-spring-flower-that-may-help-ease-stress.aspx,"April 26, 2025"
This Popular Kitchen Staple May Do More Than You Think,https://blogs.mercola.com/sites/vitalvotes/archive/2025/04/25/this-popular-kitchen-staple-may-do-more-than-you-think.aspx,"April 25, 2025"
Why Dogs May Be More Than Just Pets,https://blogs.mercola.com/sites/vitalvotes/archive/2025/04/24/why-dogs-may-be-more-than-just-pets.aspx,"April 24, 2025"
Are Food Dyes Finally on Their Way Out?,https://blogs.mercola.com/sites/vitalvotes/archive/2025/04/23/are-food-dyes-finally-on-their-way-out.aspx,"April 23, 2025"
What Makes This Soda Different from the Rest?,https://blogs.mercola.com/sites/vitalvotes/archive/2025/04/22/what-makes-this-soda-different-from-the-rest.aspx,"April 22, 2025"
Yawning Might Mean More Than You Think,https://blogs.mercola.com/sites/vitalvotes/archive/2025/04/21/yawning-might-mean-more-than-you-think.aspx,"April 21, 2025"
Could This Common Food Help with Inflammation?,https://blogs.mercola.com/sites/vitalvotes/archive/2025/04/19/could-this-common-food-help-with-inflammation.aspx,"April 19, 2025"
What You Should Know Before Buying Toothpaste Again,https://blogs.mercola.com/sites/vitalvotes/archive/2025/04/18/what-you-should-know-before-buying-toothpaste-again.aspx,"April 18, 2025"
How Asparagus Can Help Improve Your Digestion,https://blogs.mercola.com/sites/vitalvotes/archive/2025/04/17/how-asparagus-can-help-improve-your-digestion.aspx,"April 17, 2025"
One Simple Change That Might Improve Your Blood Pressure,https://blogs.mercola.com/sites/vitalvotes/archive/2025/04/16/one-simple-change-that-might-improve-your-blood-pressure.aspx,"April 16, 2025"
Fake Ozempic Found in US Market Sparks Safety Concerns,https://blogs.mercola.com/sites/vitalvotes/archive/2025/04/15/fake-ozempic-found-in-us-market-sparks-safety-concerns.aspx,"April 15, 2025"
High Caffeine Drinks Spark New Safety Laws,https://blogs.mercola.com/sites/vitalvotes/archive/2025/04/11/high-caffeine-drinks-spark-new-safety-laws.aspx,"April 11, 2025"
Cold vs. Hot — Which Water Temperature Is Best for Your Skin?,https://blogs.mercola.com/sites/vitalvotes/archive/2025/04/10/cold-vs-hot-which-water-temperature-is-best-for-your-skin.aspx,"April 10, 2025"
The Hidden Cost of Late-Night Scrolling,https://blogs.mercola.com/sites/vitalvotes/archive/2025/04/09/the-hidden-cost-of-latenight-scrolling.aspx,"April 9, 2025"
How Idaho's New Medical Freedom Law Impacts You,https://blogs.mercola.com/sites/vitalvotes/archive/2025/04/07/how-idahos-new-medical-freedom-law-impacts-you.aspx,"April 7, 2025"
Can Weekend Workouts Substitute Daily Gym Visits?,https://blogs.mercola.com/sites/vitalvotes/archive/2025/04/05/can-weekend-workouts-substitute-daily-gym-visits.aspx,"April 5, 2025"
The Truth About Chia Seeds and Constipation Relief,https://blogs.mercola.com/sites/vitalvotes/archive/2025/04/04/the-truth-about-chia-seeds-and-constipation-relief.aspx,"April 4, 2025"
Why Decision-Making Suffers Even After Sobriety,https://blogs.mercola.com/sites/vitalvotes/archive/2025/04/03/why-decisionmaking-suffers-even-after-sobriety.aspx,"April 3, 2025"
Protein Overload — Myth or Haircare Hazard?,https://blogs.mercola.com/sites/vitalvotes/archive/2025/04/02/protein-overload-myth-or-haircare-hazard.aspx,"April 2, 2025"
Could Your Salt Shaker Be Influencing Your Mood?,https://blogs.mercola.com/sites/vitalvotes/archive/2025/04/01/could-your-salt-shaker-be-influencing-your-mood.aspx,"April 1, 2025"
Is Kefir the Key to Fighting Alzheimer’s?,https://blogs.mercola.com/sites/vitalvotes/archive/2025/03/31/is-kefir-the-key-to-fighting-alzheimer_1920_s.aspx,"March 31, 2025"
The Unexpected Ingredient in Your Chewing Gum,https://blogs.mercola.com/sites/vitalvotes/archive/2025/03/27/the-unexpected-ingredient-in-your-gum.aspx,"March 27, 2025"
Can Cracking Your Knuckles Really Cause Arthritis?,https://blogs.mercola.com/sites/vitalvotes/archive/2025/03/26/can-cracking-your-knuckles-really-cause-arthritis.aspx,"March 26, 2025"
Is the Carnivore Diet the Secret to Weight Loss?,https://blogs.mercola.com/sites/vitalvotes/archive/2025/03/25/is-the-carnivore-diet-the-secret-to-weight-loss.aspx,"March 25, 2025"
Could Strawberries Be Your Heart's New Best Friend?,https://blogs.mercola.com/sites/vitalvotes/archive/2025/03/24/could-strawberries-be-your-hearts-new-best-friend.aspx,"March 24, 2025"
This Trend Might Be Your Key to Better Mental Health,https://blogs.mercola.com/sites/vitalvotes/archive/2025/03/22/this-trend-might-be-your-key-to-better-mental-health.aspx,"March 22, 2025"
The Surprising Link Between Your Fruit Bowl and Your Balance,https://blogs.mercola.com/sites/vitalvotes/archive/2025/03/21/the-surprising-link-between-your-fruit-bowl-and-your-balance.aspx,"March 21, 2025"
Why Spring Allergies Are More Aggressive Than Ever,https://blogs.mercola.com/sites/vitalvotes/archive/2025/03/20/why-spring-allergies-are-more-aggressive-than-ever.aspx,"March 20, 2025"
Is Beef Tallow the Secret to Better Health and Skin?,https://blogs.mercola.com/sites/vitalvotes/archive/2025/03/19/is-beef-tallow-the-secret-to-better-health-and-skin.aspx,"March 19, 2025"
Could This Common Weed Killer Be Behind Rising Female Health Issues?,https://blogs.mercola.com/sites/vitalvotes/archive/2025/03/18/could-this-common-weed-killer-be-behind-rising-female-health-issues.aspx,"March 18, 2025"
TV Drama or Medical Reality? The Truth Behind Benzodiazepines,https://blogs.mercola.com/sites/vitalvotes/archive/2025/03/14/tv-drama-or-medical-reality-the-truth-behind-benzodiazepines.aspx,"March 14, 2025"
Does Water Aerobics Really Help You Lose Weight?,https://blogs.mercola.com/sites/vitalvotes/archive/2025/03/13/does-water-aerobics-really-help-you-lose-weight.aspx,"March 13, 2025"
Can an Orange a Day Keep Depression Away?,https://blogs.mercola.com/sites/vitalvotes/archive/2025/03/12/can-an-orange-a-day-keep-depression-away.aspx,"March 12, 2025"
Sea Moss Gel — Superfood Trend or Health Hazard?,https://blogs.mercola.com/sites/vitalvotes/archive/2025/03/11/sea-moss-gel-superfood-trend-or-health-hazard.aspx,"March 11, 2025"
The Surprising Science That Could Change Farming Forever,https://blogs.mercola.com/sites/vitalvotes/archive/2025/03/10/the-surprising-science-that-could-change-farming-forever.aspx,"March 10, 2025"
Is Mouth Taping the Answer to Your Snoring Problem?,https://blogs.mercola.com/sites/vitalvotes/archive/2025/03/07/is-mouth-taping-the-answer-to-your-snoring-problem.aspx,"March 7, 2025"
Does Aging Affect Your Sleep Quality?,https://blogs.mercola.com/sites/vitalvotes/archive/2025/03/06/does-aging-affect-your-sleep-quality.aspx,"March 6, 2025"
Can Eating Yogurt Reduce Your Risk of Colorectal Cancer?,https://blogs.mercola.com/sites/vitalvotes/archive/2025/03/05/can-eating-yogurt-reduce-your-risk-of-colorectal-cancer.aspx,"March 5, 2025"
How the Time Shift Impacts Your Body’s Health,https://blogs.mercola.com/sites/vitalvotes/archive/2025/03/04/how-the-time-shift-impacts-your-body_1920_s-health.aspx,"March 4, 2025"
The Hidden Dangers of Low-Calorie Sweeteners in Diet Foods,https://blogs.mercola.com/sites/vitalvotes/archive/2025/03/01/the-hidden-dangers-of-lowcalorie-sweeteners-in-diet-foods.aspx,"March 1, 2025"
Do Drug Company Payments Influence Your Doctor’s Decisions?,https://blogs.mercola.com/sites/vitalvotes/archive/2025/02/28/do-drug-company-payments-influence-your-doctor_1920_s-decisions.aspx,"February 28, 2025"
