link,title
https://goop.com/wellness/health/othership-bathhouse-review/,"I Cried and Screamed at Othership, the Buzziest New Bathhouse"
https://goop.com/wellness/health/osteopathy-benefits/,"What to Know About Osteopathy, the Holistic Modality Beloved by European Women"
https://goop.com/wellness/health/westin-heavenly-bed-review/,The Bed That Changed the Way We Sleep
https://goop.com/wellness/health/aescape-robot-massage-review/,I Got a Robot Massage and Things Got Metaphysical
https://goop.com/wellness/health/ozempic-microdosing/,The Rise of Ozempic Microdosing
https://goop.com/wellness/health/supplements-to-support-brain-health/,5 Supplements to Support Brain Health as You Age
https://goop.com/wellness/health/avoid-digestive-issues-while-traveling/,How to Avoid—and Fix—Digestive Issues While You’re Traveling
https://goop.com/wellness/health/lymphatic-massages-services/,What Can—and Can’t—Lymphatic Drainage Massages Do?
https://goop.com/wellness/health/sweat-and-your-health/,What Could Sweat-Sensing Devices Tell You about Your Health?
https://goop.com/wellness/health/ahiflower-omega-3-oil-for-dogs/,A Dog Wellness Brand’s Innovative Approach to Supplements—and Treats
https://goop.com/wellness/health/2024-in-goop-health-gift-bags-carlsbad/,Everything in Our Latest In goop Health Gift Bags
https://goop.com/wellness/health/do-your-workout-clothes-contain-endocrine-disrupting-microplastics/,Do Your Workout Clothes Contain Endocrine-Disrupting Microplastics?
https://goop.com/wellness/health/which-milk-is-best-for-your-body-and-the-planet/,Which Milk Is Best for Your Body—and the Planet?
https://goop.com/wellness/health/cycle-syncing-nutrition/,"What to Eat (and Avoid) during Each Phase of Your Cycle, according to a Dietitian"
https://goop.com/wellness/health/jacey-duprie-wellness-routines/,"The Easy, Breezy Morning of 2 Wellness-Minded Besties"
https://goop.com/wellness/health/2023-in-goop-health-gift-bags/,Everything in Our 2023 Wellness Summit Gift Bags
https://goop.com/wellness/health/mold-testing-kit/,Do At-Home Mold Testing Kits Really Work?
https://goop.com/wellness/health/functional-psychiatrist/,Finding a Functional Psychiatrist Near You
https://goop.com/wellness/health/sleepcation/,One Prescription for Sleep Debt? A Sleepcation
https://goop.com/wellness/health/hormones-and-eyesight/,Are Your Hormones Messing with Your Eyesight?
https://goop.com/wellness/health/gut-feeling-plan/,The 21-Day Gut-Feeling Plan
https://goop.com/wellness/health/shameflammation/,Are You in a Shameflammation Spiral?
https://goop.com/wellness/health/how-to-have-a-coregasm/,How to Have—or Not Have—a Coregasm
https://goop.com/wellness/health/building-cognitive-reserve/,Can You Save Your Brain from Cognitive Decline?
https://goop.com/wellness/health/do-nightshade-vegetables-cause-inflammation/,Do Nightshade Vegetables Cause Inflammation?
https://goop.com/wellness/health/low-fermentation-eating-for-sibo/,Is Low-Fermentation Eating the Answer to SIBO?
https://goop.com/wellness/health/how-to-reject-a-handshake/,"Please, No More Handshakes"
https://goop.com/wellness/health/hyperbaric-oxygen-therapy-benefits-and-risks/,Hyperbaric Oxygen Chambers: The Proven Benefits and Possible Risks
https://goop.com/wellness/health/medicinal-herbs-for-beginners/,6 Functional Herbs to Grow and Use at Home
https://goop.com/wellness/health/how-to-improve-circulation/,3 Effective Ways to Improve Your Blood Circulation
https://goop.com/wellness/health/masked-autism-what-happens-when-you-pass-as-neurotypical/,Masked Autism: What Happens When You Pass as Neurotypical?
https://goop.com/wellness/health/are-seed-oils-unhealthy/,Are Seed Oils Like Canola Bad for You? We Review the Research
https://goop.com/wellness/health/the-best-supplements-for-healthy-skin/,The Best Supplements for Healthy Skin
https://goop.com/wellness/health/preventing-headaches-neck-pain-from-screen-time/,Preventing Screen-Time-Induced Headaches and Neck Pain
https://goop.com/wellness/health/introducing-our-everyday-glow-multivitamin/,The Comprehensive Multivitamin for Everyday Glow
https://goop.com/wellness/health/iron-supplements-for-fatigue/,Should I Take an Iron Supplement? Identifying Symptoms of Low Iron in Women
https://goop.com/wellness/health/healing-your-relationship-with-food/,Can You Eat Healthier and Heal Your Relationship with Food?
https://goop.com/wellness/health/symptoms-of-pcos/,What Are the Symptoms of PCOS?
https://goop.com/wellness/health/long-covid-symptoms-and-healing/,Recognizing and Healing from Long COVID
https://goop.com/wellness/health/how-to-treat-prevent-seasonal-allergies/,How to Treat and Prevent Seasonal Allergy Symptoms
https://goop.com/wellness/health/foods-for-brain-fog/,Eating to Combat Brain Fog
https://goop.com/wellness/health/best-wellness-tools-for-spring/,Editors’ Picks: The Best (New) Wellness Tools for Spring
https://goop.com/wellness/health/food-for-immune-system-support/,"The Guide to Immune-Supporting Foods, Vitamins, and Minerals"
https://goop.com/wellness/health/how-alcohol-tolerance-changes-with-age/,How Does Alcohol Tolerance Change with Age?
https://goop.com/wellness/health/therapeutic-benefits-of-heat/,"The Therapeutic Benefits of Heat, Delivered 3 Ways"
https://goop.com/wellness/health/best-vitamins-and-supplements/,A Guide to the Best Vitamins and Supplements
https://goop.com/wellness/health/recovering-gut-health-after-antibiotics/,Recovering Gut Health after Antibiotics
https://goop.com/wellness/health/supplement-to-boost-nad-levels/,The Exploding Research on a Vitamin Biohack for Repair and Renewal
https://goop.com/wellness/health/tips-for-managing-anxiety/,A Brain Researcher’s Tips for Managing Anxiety
https://goop.com/wellness/health/tips-for-better-sleep/,Our Wellness Editor’s Secrets for a Good Night’s Sleep
https://goop.com/wellness/health/how-to-support-gut-health/,6 Ways to Optimize Your Gut Health
https://goop.com/wellness/health/menopause-sexual-wellness-routine/,"A Sexual-Wellness Routine for Perimenopause, Menopause, and Beyond"
https://goop.com/wellness/health/how-to-find-joy-in-your-body/,Getting Naked and Finding Joy in Your Body
https://goop.com/wellness/health/poop-guide/,"All Your Poop Questions, Answered"
https://goop.com/wellness/health/7-keto-dhea-metabolism-benefits/,Can 7-Keto DHEA Help Boost Metabolism?
https://goop.com/wellness/health/understanding-diabetes/,Diabetes
https://goop.com/wellness/health/mind-body-diet-for-fertility/,A Mind-Body-Diet Fertility Program That Redefines Success
https://goop.com/wellness/health/understanding-pelvic-organ-prolapse/,Pelvic Organ Prolapse
https://goop.com/wellness/health/hormone-intelligence-interview/,Bringing Your Hormones into Alignment
https://goop.com/wellness/health/therapist-tips-for-new-sobriety/,A Therapist’s Tips for Maintaining New Sobriety
https://goop.com/wellness/health/lyme-disease/,Lyme Disease
https://goop.com/wellness/health/pelvic-clock-exercise-device/,How to Use the Pelvic Clock for Back Relief and Core Support
https://goop.com/wellness/health/are-chronic-fatigue-syndrome-and-covid-19-linked/,Exploring the Link between Chronic Fatigue Syndrome and COVID-19
https://goop.com/wellness/health/is-it-normal-to-be-tired/,Is It Normal to Be Tired?
https://goop.com/wellness/health/precision-medicine-approach-to-prevent-and-treat-alzheimers/,Using Precision Medicine to Prevent and Treat Alzheimer’s
https://goop.com/wellness/health/best-online-tools-for-mental-health/,The Best Digital Programs for Mental Well-Being
https://goop.com/wellness/health/favorite-products-that-bring-joy/,10 Heroic Products That Brought Joy to a Bleak Year
https://goop.com/wellness/health/supplements-for-brains-and-beauty/,"7 Supplements, Teas, and Treats That Target Brains and Beauty"
https://goop.com/wellness/health/can-cranberries-prevent-utis/,Ask Gerda: Do Cranberries Prevent Urinary Tract Infections?
https://goop.com/wellness/health/how-to-boost-immune-system/,Ask Gerda: How to Support Your Immunity and Sleep?
https://goop.com/wellness/health/butyrate-supplements-for-gut-health/,Why I Tried Butyrate Supplements for Gut Health
https://goop.com/wellness/health/cognitive-behavioral-therapy-and-habits/,Using Cognitive Behavioral Therapy to Break Old Habits—and Create New Ones
https://goop.com/wellness/health/maternal-health-crisis/,Solving the Crisis in Maternal Health—and Finding Bliss in Birth
https://goop.com/wellness/health/how-to-feel-your-best/,"10 of Our Everyday Tricks, Routines, and Staples for Feeling Our Best"
https://goop.com/wellness/health/hpv-and-cervical-cancer/,"What to Know about the HPV Vaccine, Latent Infections, and Preventing Cervical Cancer"
https://goop.com/wellness/health/what-is-my-chronotype/,What’s Your Chronotype?
https://goop.com/wellness/health/how-to-protest-safely-during-a-pandemic/,Tips for Protesting Safely during a Pandemic
https://goop.com/wellness/health/why-pets-can-lower-stress-levels/,"The Joy, Comfort, and Stress-Reducing Power of Pets"
https://goop.com/wellness/health/why-covid-19-affects-men-and-women-differently/,Why COVID-19 Affects Men and Women Differently
https://goop.com/wellness/health/preventing-and-treating-utis/,Preventing and Treating UTIs
https://goop.com/wellness/health/tools-lowering-stress-levels/,7 Quick Tools for Lowering Stress Levels
https://goop.com/wellness/health/sobriety-support-during-covid-19/,Finding Sobriety Support during the COVID-19 Pandemic
https://goop.com/wellness/health/new-coronavirus-research/,What Scientists are Learning about COVID-19
https://goop.com/wellness/health/how-to-have-a-healthy-relationship-with-food/,Fixing Your Relationship with Food
https://goop.com/wellness/health/how-to-boost-your-immune-system/,COVID-19 Conversations and Tools for Bolstering Your Immune System
https://goop.com/wellness/health/eating-disorders-in-men/,How Eating Disorders Affect Men
https://goop.com/wellness/health/ways-to-reduce-anxiety/,8 Ways to Reduce Anxiety
https://goop.com/wellness/health/the-purpose-of-dreams/,The Purpose of Dreams and Other Cutting-Edge Research on Sleep
https://goop.com/wellness/health/depression/,Depression
https://goop.com/wellness/health/adhd/,Attention Deficit Hyperactivity Disorder (ADHD)
https://goop.com/wellness/health/sober-curious-movement/,Why Are People Sober-Curious?
https://goop.com/wellness/health/placebo-effect-research/,The Power of the Mind and Other Cutting-Edge Research on the Placebo Effect
https://goop.com/wellness/health/dialectical-behavioral-therapy/,Using Dialectical Behavioral Therapy to Treat Suicidality and Self-Harm
https://goop.com/wellness/health/psychedelic-research/,"Ego Death, Prosocial Behavior, and Other Cutting-Edge Research on Psychedelics"
https://goop.com/wellness/health/hashimotos-thyroiditis-disease/,Hashimoto’s Thyroiditis
https://goop.com/wellness/health/should-i-take-vitamin-d-for-immunity/,Ask Gerda: Should I Take a Vitamin D Supplement for Immunity?
https://goop.com/wellness/health/anorexia-nervosa/,Anorexia Nervosa
https://goop.com/wellness/health/celiac-disease-and-gluten-sensitivity/,Celiac Disease and Gluten Sensitivity
https://goop.com/wellness/health/adhd-behavioral-treatment/,A Behavioral Approach to ADHD and Attention Span
https://goop.com/wellness/health/elimination-diet-benefits/,How an Elimination Diet Can Help You Eat by Your Own Rules
https://goop.com/wellness/health/herbal-supplements-guide/,A Guide to 12 Popular Herbal Supplements
https://goop.com/wellness/health/how-to-calm-an-anxious-mind/,7 Steps to Calm an Anxious Mind
https://goop.com/wellness/health/how-to-balance-low-blood-sugar/,Balancing Low Blood Sugar Levels
https://goop.com/wellness/health/in-goop-health-london-recap-2019/,"In goop Health London: Face Workouts, Electric Bikes, and Crystal Healing"
https://goop.com/wellness/health/diet-for-disease-prevention/,A Lifestyle Program for Preventing and Undoing Chronic Disease
https://goop.com/wellness/health/breast-cancer-and-exercise/,Does Exercise Impact Cancer Treatment?
https://goop.com/wellness/health/easy-keto-recipes/,6 Simple Recipes for the Keto-Curious
https://goop.com/wellness/health/female-brain-body-connection/,Understanding—and Healing—the Female Brain-Body Connection
https://goop.com/wellness/health/can-spinal-decompression-help-back-and-neck-pain/,Can Spinal Decompression Alleviate Back and Neck Pain?
https://goop.com/wellness/health/how-to-treat-seasonal-affective-disorder/,A New Approach to Treating Seasonal Affective Disorder
https://goop.com/wellness/health/the-connection-between-trauma-and-eating-disorders/,The Connection between Trauma and Eating Disorders
https://goop.com/wellness/health/how-to-manage-social-anxiety/,How to Manage Social Anxiety
https://goop.com/wellness/health/introducing-madame-ovary-a-supplement-regimen-for-your-40s-and-beyond/,Introducing Madame Ovary: A Supplement Regimen for Your 40s and Beyond
https://goop.com/wellness/health/noticing-and-correcting-mouth-breathing/,Noticing—and Correcting—Mouth Breathing
https://goop.com/wellness/health/is-anxiety-the-missing-stage-of-grief/,Is Anxiety the Missing Stage of Grief?
https://goop.com/wellness/health/why-superbugs-are-a-threat-to-global-health/,Why Superbugs Are a Threat to Global Health
https://goop.com/wellness/health/gp-paul-kempisty-the-acupuncture-session/,GP + Paul Kempisty: The Acupuncture Session
https://goop.com/wellness/health/getting-help-with-mental-illness/,Getting Help with Mental Illness
https://goop.com/wellness/health/good-programs-for-eating-disorder-treatment-and-recovery/,Good Programs for Eating Disorder Treatment and Recovery
https://goop.com/wellness/health/live-by-your-power-type/,Live by Your Power Type
https://goop.com/wellness/health/a-face-massage-for-headaches/,A Face Massage for Headaches
https://goop.com/wellness/health/5-minute-foam-roll-to-sleep/,5-Minute Foam Roll to Relax Before Bed
https://goop.com/wellness/health/a-sneak-peak-at-the-food-therapist-plus-a-recipe/,"A Sneak Peek at The Food Therapist (Plus, a Recipe)"
https://goop.com/wellness/health/why-fermented-foods-matter/,Why Fermented Foods Matter
https://goop.com/wellness/health/how-to-get-through-a-hangover/,How to Get Over a Hangover
https://goop.com/wellness/health/how-to-sleep-better/,How to Sleep Better
https://goop.com/wellness/health/the-guide-to-new-wave-sugars-sweeteners/,The Guide to New-Wave Sugars & Sweeteners
https://goop.com/wellness/health/understanding-a-high-fat-ketogenic-diet-and-is-it-right-for-you/,Understanding a High-Fat Ketogenic Diet—and is it Right for You?
https://goop.com/wellness/health/no-one-size-fits-approach-treating-lyme-disease/,Why There Is No One-Size-Fits-All Approach to Treating Lyme Disease
https://goop.com/wellness/health/ally-hilfiger-recovering-lyme-disease/,Ally Hilfiger on Recovering From Lyme Disease
https://goop.com/wellness/health/how-mdma-other-psychedelics-could-change-therapy/,How MDMA & Other Psychedelics Could Change Therapy
https://goop.com/wellness/health/how-to-identify-hidden-mold-toxicity-and-what-to-do-about-it/,How to Identify Hidden Mold Toxicity (and What to Do About It)
https://goop.com/wellness/health/are-we-wrong-about-what-makes-food-healthy/,Are We Wrong About What Makes Food Healthy?
https://goop.com/wellness/health/why-am-i-so-effing-tired-the-story-behind-the-protocol/,Why Am I So Effing Tired?: The Story Behind the Protocol
https://goop.com/wellness/health/the-secret-to-looking-younger-forever/,The Secret to Looking Younger Forever
https://goop.com/wellness/health/can-vitamin-d3-heal-autoimmune-diseases/,Can Vitamin D3 Heal Autoimmune Diseases?
https://goop.com/wellness/health/what-to-do-if-your-thyroid-is-on-the-fritz/,What to Do If Your Thyroid Is on the Fritz
https://goop.com/wellness/health/the-hypnotherapist-who-can-help-you-quit-smoking/,The Hypnotherapist Who Can Help You Quit Smoking
https://goop.com/wellness/health/unpacking-adhd/,Unpacking ADHD
https://goop.com/wellness/health/a-nutritionists-approach-to-adhd/,A Nutritionist’s Approach to ADHD
https://goop.com/wellness/health/adrenal-fatigue-and-what-to-do-about-it/,Adrenal Fatigue—And What to Do About It
https://goop.com/wellness/health/the-medical-medium-and-whats-potentially-at-the-root-of-medical-mysteries/,The Medical Medium—and What’s Potentially at the Root of Medical Mysteries
https://goop.com/wellness/health/why-were-all-addicts/,Why We’re All Addicts
https://goop.com/wellness/health/why-yawning-is-important-and-how-to-optimize-the-reflex/,Why Yawning is Important—And How to Optimize the Reflex
https://goop.com/wellness/health/a-vitamin-supplement-cheat-sheet-2/,A Cheat Sheet to Vitamins
https://goop.com/wellness/health/the-importance-of-honey-bee-pollen/,The Importance of Honey & Bee Pollen
https://goop.com/wellness/health/the-healing-power-of-cupping/,The Healing Power of Cupping
