title,price,availability
,£12.84,In stock
Bridget Jones's Diary (Bridget Jones #1),£29.82,In stock (1 available)
I've Got Your Number,£19.69,In stock (3 available)
The Edge of Reason (Bridget Jones #2),£19.18,In stock (1 available)
Beyond Good and Evil,£43.38,In stock (1 available)
Meditations,£25.89,In stock (1 available)
I Am Pilgrim (Pilgrim #1),£10.60,In stock (14 available)
Eligible (The Austen Project #4),£27.09,In stock (14 available)
Mr. Mercedes (Bill Hodges Trilogy #1),£28.90,In stock (14 available)
My Mrs. Brown,£24.48,In stock (14 available)
My Name Is Lucy Barton,£41.56,In stock (14 available)
Shtum,£55.84,In stock (14 available)
Still Life with Bread Crumbs,£26.41,In stock (14 available)
Take Me with You,£45.21,In stock (14 available)
"Rat Queens, Vol. 3: Demons (Rat Queens (Collected Editions) #11-15)",£50.40,In stock (16 available)
"Codename Baboushka, Volume 1: The Conclave of Death",£36.72,In stock (16 available)
Chase Me (Paris Nights #2),£25.27,In stock (19 available)
"I Hate Fairyland, Vol. 1: Madly Ever After (I Hate Fairyland (Compilations) #1-5)",£29.17,In stock (16 available)
Birdsong: A Story in Pictures,£54.64,In stock (19 available)
Danganronpa Volume 1,£51.99,In stock (16 available)
The Wedding Pact (The O'Malleys #2),£32.61,In stock (14 available)
Luis Paints the World,£53.95,In stock (14 available)
The Whale,£35.96,In stock (7 available)
"Don't Be a Jerk: And Other Practical Advice from Dogen, Japan's Greatest Zen Master",£37.97,In stock (16 available)
The Thing About Jellyfish,£48.77,In stock (3 available)
Maybe Something Beautiful: How Art Transformed a Neighborhood,£22.54,In stock (5 available)
"Sit, Stay, Love",£20.90,In stock (7 available)
God: The Most Unpleasant Character in All Fiction,£30.03,In stock (14 available)
Worlds Elsewhere: Journeys Around Shakespeare’s Globe,£40.30,In stock (18 available)
The Pilgrim's Progress,£50.26,In stock (4 available)
The Life-Changing Magic of Tidying Up: The Japanese Art of Decluttering and Organizing,£16.77,In stock (16 available)
The Story of Hong Gildong,£43.19,In stock (1 available)
Love Is a Mix Tape (Music #1),£18.03,In stock (14 available)
World Without End (The Pillars of the Earth #2),£32.97,In stock (5 available)
In the Country We Love: My Family Divided,£22.00,In stock (16 available)
Kill 'Em and Leave: Searching for James Brown and the American Soul,£45.05,In stock (8 available)
Call the Nurse: True Stories of a Country Nurse on a Scottish Isle,£29.14,In stock (16 available)
America's Cradle of Quarterbacks: Western Pennsylvania's Football Factory from Johnny Unitas to Joe Montana,£22.50,In stock (19 available)
Aladdin and His Wonderful Lamp,£53.13,In stock (19 available)
The Omnivore's Dilemma: A Natural History of Four Meals,£38.21,In stock (15 available)
This Is Your Brain on Music: The Science of a Human Obsession,£38.40,In stock (5 available)
Penny Maybe,£33.29,In stock (18 available)
"Orchestra of Exiles: The Story of Bronislaw Huberman, the Israel Philharmonic, and the One Thousand Jews He Saved from Nazi Horrors",£12.36,In stock (4 available)
Alice in Wonderland (Alice's Adventures in Wonderland #1),£55.53,In stock (1 available)
The Last Painting of Sara de Vos,£55.55,In stock (3 available)
Maude (1883-1993):She Grew Up with the country,£18.02,In stock (18 available)
Soul Reader,£39.58,In stock (16 available)
Bossypants,£49.46,In stock (16 available)
Forever Rockers (The Rocker #12),£28.80,In stock (1 available)
So You've Been Publicly Shamed,£12.23,In stock (15 available)
"The Inefficiency Assassin: Time Management Tactics for Working Smarter, Not Longer",£20.59,In stock (16 available)
The Artist's Way: A Spiritual Path to Higher Creativity,£38.49,In stock (15 available)
Life,£31.58,In stock (2 available)
"A Piece of Sky, a Grain of Rice: A Memoir in Four Meditations",£56.76,In stock (16 available)
Old Records Never Die: One Man's Quest for His Vinyl and His Past,£55.66,In stock (1 available)
In Her Wake,£12.84,In stock (19 available)
Tracing Numbers on a Train,£41.60,In stock (15 available)
Soft Apocalypse,£26.12,In stock (15 available)
Thirteen Reasons Why,£52.72,In stock (15 available)
The Project,£10.65,In stock (15 available)
Ready Player One,£19.07,In stock (3 available)
The Art of War,£33.34,In stock (15 available)
Blood Defense (Samantha Brinkman #1),£20.30,In stock (1 available)
Poses for Artists Volume 1 - Dynamic and Sitting Poses: An Essential Reference for Figure Drawing and the Human Form,£41.06,In stock (15 available)
Grumbles,£22.16,In stock (15 available)
Large Print Heart of the Pride,£19.15,In stock (15 available)
The Songs of the Gods,£44.48,In stock (14 available)
The Wright Brothers,£56.80,In stock (14 available)
"Unbroken: A World War II Story of Survival, Resilience, and Redemption",£45.95,In stock (14 available)
Amatus,£50.54,In stock (15 available)
V for Vendetta (V for Vendetta Complete),£37.10,In stock (14 available)
Done Rubbed Out (Reightman & Bailey #1),£37.72,In stock (15 available)
Amy Meets the Saints and Sages,£18.46,In stock (15 available)
Anonymous,£46.82,In stock (15 available)
Beauty Restored (Riley Family Legacy Novellas #3),£11.11,In stock (15 available)
Ayumi's Violin,£15.48,In stock (15 available)
Drive: The Surprising Truth About What Motivates Us,£34.95,In stock (15 available)
Roller Girl,£14.10,In stock (8 available)
Eureka Trivia 6.0,£54.59,In stock (15 available)
First Steps for New Christians (Print Edition),£29.00,In stock (15 available)
"Fruits Basket, Vol. 9 (Fruits Basket #9)",£33.95,In stock (9 available)
"Adulthood Is a Myth: A ""Sarah's Scribbles"" Collection",£10.90,In stock (14 available)
Batman: Europa,£32.01,In stock (14 available)
Art Ops Vol. 1,£48.80,In stock (14 available)
The Natural History of Us (The Fine Art of Pretending #2),£45.22,In stock (16 available)
The Torch Is Passed: A Harding Family Story,£19.09,In stock (16 available)
"The Pioneer Woman Cooks: Dinnertime: Comfort Classics, Freezer Food, 16-Minute Meals, and Other Delicious Ways to Solve Supper!",£56.41,In stock (16 available)
"Unbound: How Eight Technologies Made Us Human, Transformed Society, and Brought Our World to the Brink",£25.52,In stock (16 available)
Untitled Collection: Sabbath Poems 2014,£14.27,In stock (16 available)
Unicorn Tracks,£18.78,In stock (16 available)
Without Borders (Wanderlove #1),£45.07,In stock (16 available)
When We Collided,£31.77,In stock (16 available)
Slow States of Collapse: Poems,£57.31,In stock (17 available)
Miss Peregrine’s Home for Peculiar Children (Miss Peregrine’s Peculiar Children #1),£10.76,In stock (15 available)
El Deafo,£57.62,In stock (14 available)
Romero and Juliet: A Tragic Tale of Love and Zombies,£36.94,In stock (15 available)
Lowriders to the Center of the Earth (Lowriders in Space #2),£51.51,In stock (14 available)
"Naruto (3-in-1 Edition), Vol. 14: Includes Vols. 40, 41 & 42 (Naruto: Omnibus #14)",£38.39,In stock (14 available)
Secrets and Lace (Fatal Hearts #1),£20.27,In stock (15 available)
1st to Die (Women's Murder Club #1),£53.98,In stock (1 available)
"Red Hood/Arsenal, Vol. 1: Open for Business (Red Hood/Arsenal #1)",£25.48,In stock (14 available)
Robin War,£47.82,In stock (14 available)
"So Cute It Hurts!!, Vol. 6 (So Cute It Hurts!! #6)",£35.43,In stock (14 available)
The Girl In The Ice (DCI Erika Foster #1),£15.85,In stock (1 available)
Superman Vol. 1: Before Truth (Superman by Gene Luen Yang #1),£11.89,In stock (14 available)
The Girl You Lost,£12.29,In stock (1 available)
Career of Evil (Cormoran Strike #3),£24.72,In stock (3 available)
Through the Woods,£25.38,In stock (14 available)
The No. 1 Ladies' Detective Agency (No. 1 Ladies' Detective Agency #1),£57.70,In stock (1 available)
"We Are Robin, Vol. 1: The Vigilante Business (We Are Robin #1)",£53.90,In stock (14 available)
Extreme Prey (Lucas Davenport #26),£25.40,In stock (3 available)
"Wonder Woman: Earth One, Volume One (Wonder Woman: Earth One #1)",£37.34,In stock (14 available)
The Cuckoo's Calling (Cormoran Strike #1),£19.21,In stock (3 available)
"Saga, Volume 6 (Saga (Collected Editions) #6)",£25.02,In stock (16 available)
The Activist's Tao Te Ching: Ancient Advice for a Modern Revolution,£32.24,In stock (16 available)
Security,£39.25,In stock (16 available)
The Rosie Project (Don Tillman #1),£54.04,In stock (14 available)
The Age of Genius: The Seventeenth Century and the Birth of the Modern Mind,£19.73,In stock (16 available)
The Art Forger,£40.76,In stock (16 available)
How to Speak Golf: An Illustrated Guide to Links Lingo,£58.32,In stock (12 available)
"The Bulletproof Diet: Lose up to a Pound a Day, Reclaim Energy and Focus, Upgrade Your Life",£49.05,In stock (16 available)
Raspberry Pi Electronics Projects for the Evil Genius,£49.67,In stock (12 available)
"The Three Searches, Meaning, and the Story",£13.33,In stock (13 available)
Angels & Demons (Robert Langdon #1),£51.48,In stock (14 available)
Carrie,£46.23,In stock (14 available)
City of Bones (The Mortal Instruments #1),£43.28,In stock (14 available)
"Carry On, Warrior: Thoughts on Life Unarmed",£31.85,In stock (14 available)
City of Ashes (The Mortal Instruments #2),£47.27,In stock (14 available)
City of Fallen Angels (The Mortal Instruments #4),£11.23,In stock (14 available)
Daily Fantasy Sports,£36.58,In stock (14 available)
Clockwork Angel (The Infernal Devices #1),£44.14,In stock (14 available)
Every Last Word,£46.47,In stock (14 available)
Greek Mythic History,£10.23,In stock (14 available)
Judo: Seven Steps to Black Belt (an Introductory Guide for Beginners),£53.90,In stock (16 available)
"Layered: Baking, Building, and Styling Spectacular Cakes",£40.11,In stock (16 available)
"Mama Tried: Traditional Italian Cooking for the Screwed, Crude, Vegan, and Tattooed",£14.02,In stock (16 available)
Masks and Shadows,£56.40,In stock (16 available)
My Paris Kitchen: Recipes and Stories,£33.37,In stock (16 available)
Obsidian (Lux #1),£14.86,In stock (16 available)
The Great Gatsby,£36.05,In stock (7 available)
Wildlife of New York: A Five-Borough Coloring Book,£22.14,In stock (7 available)
The Year of Living Biblically: One Man's Humble Quest to Follow the Bible as Literally as Possible,£34.72,In stock (7 available)
Death by Leisure: A Cautionary Tale,£37.51,In stock (8 available)
Ender's Game (The Ender Quintet #1),£43.64,In stock (8 available)
I'll Give You the Sun,£56.48,In stock (8 available)
Heaven is for Real: A Little Boy's Astounding Story of His Trip to Heaven and Back,£52.86,In stock (8 available)
John Vassos: Industrial Design for Modern Life,£20.22,In stock (8 available)
Left Behind (Left Behind #1),£40.72,In stock (8 available)
The Martian (The Martian #1),£41.39,In stock (8 available)
The Unlikely Pilgrimage of Harold Fry (Harold Fry #1),£43.62,In stock (8 available)
Modern Day Fables,£47.44,In stock (9 available)
Underlying Notes,£11.82,In stock (9 available)
The Flowers Lied,£16.68,In stock (9 available)
"NaNo What Now? Finding your editing process, revising your NaNoWriMo book and building a writing career through publishing and beyond",£10.41,In stock (9 available)
The New Brand You: Your New Image Makes the Sale for You,£44.05,In stock (9 available)
Unlimited Intuition Now,£58.87,In stock (9 available)
Adultery,£20.88,In stock (11 available)
Troublemaker: Surviving Hollywood and Scientology,£48.39,In stock (11 available)
Eleanor & Park,£56.51,In stock (12 available)
On a Midnight Clear,£14.07,In stock (16 available)
"Political Suicide: Missteps, Peccadilloes, Bad Calls, Backroom Hijinx, Sordid Pasts, Rotten Breaks, and Just Plain Dumb Mistakes in the Annals of American Politics",£36.28,In stock (16 available)
Online Marketing for Busy Authors: A Step-By-Step Guide,£46.35,In stock (16 available)
Princess Between Worlds (Wide-Awake Princess #5),£13.34,In stock (16 available)
"Hush, Hush (Hush, Hush #1)",£47.02,In stock (14 available)
"Living Leadership by Insight: A Good Leader Achieves, a Great Leader Builds Monuments",£46.91,In stock (14 available)
Luckiest Girl Alive,£49.83,In stock (14 available)
Lady Midnight (The Dark Artifices #1),£16.28,In stock (14 available)
"The Mindfulness and Acceptance Workbook for Anxiety: A Guide to Breaking Free from Anxiety, Phobias, and Worry Using Acceptance and Commitment Therapy",£23.89,In stock (16 available)
The Power of Habit: Why We Do What We Do in Life and Business,£16.88,In stock (14 available)
Steve Jobs,£39.50,In stock (14 available)
The Most Perfect Thing: Inside (and Outside) a Bird's Egg,£42.96,In stock (16 available)
Batman: The Dark Knight Returns (Batman),£15.38,In stock (15 available)
Batman: The Long Halloween (Batman),£36.50,In stock (15 available)
The Exiled,£43.45,In stock (3 available)
The Silkworm (Cormoran Strike #2),£23.05,In stock (3 available)
