Link,Content
URL,Error: Could not scrape content
articles/in-conversation-podcast,Error: Could not scrape content
articles/health-misinformation-and-disinformation-how-to-avoid-it,Error: Could not scrape content
articles/brain-health-sleep-diet-3-health-resolutions-for-2025,Error: Could not scrape content
articles/5-things-everyone-should-know-about-menopause,Error: Could not scrape content
articles/3-lifestyle-changes-slow-down-type-2-diabetes-related-brain-aging,Error: Could not scrape content
articles/toxic-metals-tampons-arsenic-lead-should-you-be-worried#1,Error: Could not scrape content
articles/can-tattoos-cause-blood-or-skin-cancer,Error: Could not scrape content
articles/content-hubs,Error: Could not scrape content
articles/323586,Error: Could not scrape content
articles/327077,Error: Could not scrape content
articles/316898,Error: Could not scrape content
articles/sleep-calculator,Error: Could not scrape content
articles/science-fact-or-fiction-separating-ra-myths-from-facts#1,Error: Could not scrape content
articles/managing-blood-sugar-type-2-diabetes-quiz#1,Error: Could not scrape content
articles/complementary-therapies-for-as-quiz#1,Error: Could not scrape content
articles/process,Error: Could not scrape content
articles/is-excessive-sleepiness-as-we-age-a-warning-sign-of-dementia,Error: Could not scrape content
articles/vitamin-a-measles-prevention-health-experts-answer-questions,Error: Could not scrape content
articles/psoriasis-and-chronic-inflammation,Error: Could not scrape content
articles/could-a-low-calorie-keto-diet-help-reverse-biological-aging,Error: Could not scrape content
articles/new-onset-type-2-diabetes-linked-to-higher-colorectal-pancreatic-liver-cancer-risk,Error: Could not scrape content
articles/scientists-compare-8-dietary-patterns-to-see-how-they-affect-healthy-aging,Error: Could not scrape content
articles/people-with-parkinsons-or-ibd-may-be-deficient-in-similar-types-of-good-bacteria,Error: Could not scrape content
articles/prostate-cancer-screenings-lower-death-risk-23,Error: Could not scrape content
articles/expert-qa-what-are-the-long-term-effects-of-measles-in-kids-and-adults,Error: Could not scrape content
articles/certain-type-statins-may-help-decrease-liver-cancer-risk,Error: Could not scrape content
articles/colorectal-cancer-diagnosis-before-age-50-may-raise-risk-dying-heart-disease,Error: Could not scrape content
articles/diets-filled-with-nutrient-dense-plant-foods-tied-to-lower-ibd-risk,Error: Could not scrape content
articles/how-could-dietary-choices-lower-the-risk-of-tinnitus,Error: Could not scrape content
articles/through-my-eyes-stem-cell-donation,Error: Could not scrape content
articles/bipolar-disorder-caregiver-story,Error: Could not scrape content
articles/through-my-eyes-adhd-and-avoidant-restrictive-eating,Error: Could not scrape content
articles/my-friend-migraine,Error: Could not scrape content
articles/through-my-eyes-empowering-my-son-to-negotiate-the-autism-cliff-enter-adult-life,Error: Could not scrape content
articles/through-my-eyes-access-to-endometriosis-care,Error: Could not scrape content
articles/could-probiotic-kefir-help-fight-alzheimers-disease,Error: Could not scrape content
articles/is-red-wine-a-healthier-choice-than-white-wine-epidemiologists-uncork-the-cancer-risks,Error: Could not scrape content
articles/healthy-plant-based-diets-may-help-diabetes-obesity-heart-disease-live-longer,Error: Could not scrape content
articles/can-exercising-help-you-live-longer-twin-study-complicated,Error: Could not scrape content
articles/anti-amyloid-drug-may-help-reduce-risk-early-onset-alzheimers-symptoms,Error: Could not scrape content
articles/scientists-unveil-how-key-protein-malfunctions-leads-parkinsons-for-first-time,Error: Could not scrape content
articles/why-night-owls-have-higher-risk-depression-than-early-risers,Error: Could not scrape content
articles/brain-health-inflammation-alzheimers-dementia-studies-hsv1-nsaid,Error: Could not scrape content
articles/anxiety-is-linked-to-gut-health-could-probiotics-help-treat-it,Error: Could not scrape content
articles/medical-myths-ibs-myths-and-facts,Error: Could not scrape content
articles/medical-myths-endometriosis-facts-vs-fiction,Error: Could not scrape content
articles/medical-myths-all-about-stroke,Error: Could not scrape content
articles/medical-myths-all-about-copd,Error: Could not scrape content
articles/medical-myths-all-about-lung-cancer,Error: Could not scrape content
articles/medical-myths-all-about-ibd,Error: Could not scrape content
articles/how-much-protein-do-you-need-to-build-muscle,Error: Could not scrape content
articles/not-all-plant-based-diets-are-the-same-junk-veggie-food-and-its-impact-on-health,Error: Could not scrape content
articles/is-it-better-to-eat-several-small-meals-or-fewer-larger-ones,Error: Could not scrape content
articles/intermittent-fasting-is-it-all-its-cracked-up-to-be,Error: Could not scrape content
articles/covid-19-pandemic-changes-in-personality-traits,Error: Could not scrape content
articles/passion-exercise-and-relationships-protect-against-cognitive-decline,Error: Could not scrape content
articles/covid-19-did-lockdown-help-or-hinder-our-creativity,Error: Could not scrape content
articles/pandemic-impact-on-mental-health-a-global-overview,Error: Could not scrape content
articles/323446,Error: Could not scrape content
articles/322345,Error: Could not scrape content
articles/322047,Error: Could not scrape content
articles/322525,Error: Could not scrape content
articles/320233,Error: Could not scrape content
articles/322284,Error: Could not scrape content
articles/322394,Error: Could not scrape content
articles/325630,Error: Could not scrape content
articles/322951,Error: Could not scrape content
articles/worst-fruits-for-diabetics,Error: Could not scrape content
articles/321513,Error: Could not scrape content
articles/318694,Error: Could not scrape content
articles/317999,Error: Could not scrape content
articles/322293,Error: Could not scrape content
articles/321522,Error: Could not scrape content
articles/323666,Error: Could not scrape content
articles/321504,Error: Could not scrape content
articles/napping-and-alzheimers,Error: Could not scrape content
articles/324591,Error: Could not scrape content
articles/318716,Error: Could not scrape content
,